{"scale": 1e-40, "out": [-2.9271724224090576, -5.174396514892578, 4.3266096115112305, 8.861394882202148, -10.594989776611328, -6.108702659606934, -14.946420669555664, 20.25265121459961, 1.7481048107147217, 6.40861701965332], "label": 7}