{"scale": 1e-18, "out": [-12.546713829040527, -11.377293586730957, -9.379934310913086, -11.585654258728027, -11.749795913696289, -17.50542449951172, -18.2791748046875, -0.427229106426239, -14.400675773620605, -10.78593635559082], "label": 7}