{"scale": 1e-33, "out": [-2.4457285404205322, 1.4092683792114258, 5.032708168029785, 7.4888410568237305, -10.394336700439453, -1.6451530456542969, -25.219566345214844, 21.458465576171875, -5.585504531860352, 1.6345798969268799], "label": 7}