{"scale": 1e-22, "out": [-0.9809412956237793, -2.2749931812286377, 6.040533065795898, 9.122146606445312, -11.2403564453125, -0.5773029327392578, -17.33807945251465, 16.305007934570312, -1.445622205734253, 2.890042781829834], "label": 7}